<?xml version="1.0"?>
<doc>
    <assembly>
        <name>Spriggit.CLI</name>
    </assembly>
    <members>
        <member name="F:ThisAssembly.Git.IsDirty">
            <summary>
            Gets whether the current repository is dirty.
            </summary>
        </member>
        <member name="F:ThisAssembly.Git.IsDirtyString">
            <summary>
            => @"false"
            </summary>
        </member>
        <member name="F:ThisAssembly.Git.RepositoryUrl">
            <summary>
            => @"https://github.com/Mutagen-Modding/Spriggit"
            </summary>
        </member>
        <member name="F:ThisAssembly.Git.Branch">
            <summary>
            => @"HEAD"
            </summary>
        </member>
        <member name="F:ThisAssembly.Git.Commit">
            <summary>
            => @"a037ca2"
            </summary>
        </member>
        <member name="F:ThisAssembly.Git.Sha">
            <summary>
            => @"a037ca21e9efd9458111659fc69e9b7e3b097e16"
            </summary>
        </member>
        <member name="F:ThisAssembly.Git.CommitDate">
            <summary>
            => @"2024-10-11T04:00:02-05:00"
            </summary>
        </member>
        <member name="F:ThisAssembly.Git.Commits">
            <summary>
            => @"0"
            </summary>
        </member>
        <member name="F:ThisAssembly.Git.Tag">
            <summary>
            => @"0.34"
            </summary>
        </member>
        <member name="F:ThisAssembly.Git.BaseTag">
            <summary>
            => @"0.34"
            </summary>
        </member>
        <member name="F:ThisAssembly.Git.BaseVersion.Major">
            <summary>
            => @"0"
            </summary>
        </member>
        <member name="F:ThisAssembly.Git.BaseVersion.Minor">
            <summary>
            => @"34"
            </summary>
        </member>
        <member name="F:ThisAssembly.Git.BaseVersion.Patch">
            <summary>
            => @"0"
            </summary>
        </member>
        <member name="F:ThisAssembly.Git.SemVer.Major">
            <summary>
            => @"0"
            </summary>
        </member>
        <member name="F:ThisAssembly.Git.SemVer.Minor">
            <summary>
            => @"34"
            </summary>
        </member>
        <member name="F:ThisAssembly.Git.SemVer.Patch">
            <summary>
            => @"0"
            </summary>
        </member>
        <member name="F:ThisAssembly.Git.SemVer.Label">
            <summary>
            => @""
            </summary>
        </member>
        <member name="F:ThisAssembly.Git.SemVer.DashLabel">
            <summary>
            => @""
            </summary>
        </member>
        <member name="F:ThisAssembly.Git.SemVer.Source">
            <summary>
            => @"Tag"
            </summary>
        </member>
    </members>
</doc>
