<?xml version="1.0"?>
<doc>
    <assembly>
        <name>Spriggit.Core</name>
    </assembly>
    <members>
        <member name="F:ThisAssembly.Git.IsDirty">
            <summary>
            Gets whether the current repository is dirty.
            </summary>
        </member>
        <member name="F:ThisAssembly.Git.IsDirtyString">
            <summary>
            => @"false"
            </summary>
        </member>
        <member name="F:ThisAssembly.Git.RepositoryUrl">
            <summary>
            => @"https://github.com/Mutagen-Modding/Spriggit"
            </summary>
        </member>
        <member name="F:ThisAssembly.Git.Branch">
            <summary>
            => @"HEAD"
            </summary>
        </member>
        <member name="F:ThisAssembly.Git.Commit">
            <summary>
            => @"e259a09"
            </summary>
        </member>
        <member name="F:ThisAssembly.Git.Sha">
            <summary>
            => @"e259a09db0eb07995e8a3dd83184d4d750af7584"
            </summary>
        </member>
        <member name="F:ThisAssembly.Git.CommitDate">
            <summary>
            => @"2024-09-16T10:10:55-05:00"
            </summary>
        </member>
        <member name="F:ThisAssembly.Git.Commits">
            <summary>
            => @"0"
            </summary>
        </member>
        <member name="F:ThisAssembly.Git.Tag">
            <summary>
            => @"0.30"
            </summary>
        </member>
        <member name="F:ThisAssembly.Git.BaseTag">
            <summary>
            => @"0.30"
            </summary>
        </member>
        <member name="F:ThisAssembly.Git.BaseVersion.Major">
            <summary>
            => @"0"
            </summary>
        </member>
        <member name="F:ThisAssembly.Git.BaseVersion.Minor">
            <summary>
            => @"30"
            </summary>
        </member>
        <member name="F:ThisAssembly.Git.BaseVersion.Patch">
            <summary>
            => @"0"
            </summary>
        </member>
        <member name="F:ThisAssembly.Git.SemVer.Major">
            <summary>
            => @"0"
            </summary>
        </member>
        <member name="F:ThisAssembly.Git.SemVer.Minor">
            <summary>
            => @"30"
            </summary>
        </member>
        <member name="F:ThisAssembly.Git.SemVer.Patch">
            <summary>
            => @"0"
            </summary>
        </member>
        <member name="F:ThisAssembly.Git.SemVer.Label">
            <summary>
            => @""
            </summary>
        </member>
        <member name="F:ThisAssembly.Git.SemVer.DashLabel">
            <summary>
            => @""
            </summary>
        </member>
        <member name="F:ThisAssembly.Git.SemVer.Source">
            <summary>
            => @"Tag"
            </summary>
        </member>
    </members>
</doc>
