<?xml version="1.0"?>
<doc>
    <assembly>
        <name>Spriggit.Engine</name>
    </assembly>
    <members>
        <member name="F:ThisAssembly.Git.IsDirty">
            <summary>
            Gets whether the current repository is dirty.
            </summary>
        </member>
        <member name="F:ThisAssembly.Git.IsDirtyString">
            <summary>
            => @"false"
            </summary>
        </member>
        <member name="F:ThisAssembly.Git.RepositoryUrl">
            <summary>
            => @"https://github.com/Mutagen-Modding/Spriggit"
            </summary>
        </member>
        <member name="F:ThisAssembly.Git.Branch">
            <summary>
            => @"HEAD"
            </summary>
        </member>
        <member name="F:ThisAssembly.Git.Commit">
            <summary>
            => @"63b89d5"
            </summary>
        </member>
        <member name="F:ThisAssembly.Git.Sha">
            <summary>
            => @"63b89d56d8a98eebee706b1400e1dfe54aa05c33"
            </summary>
        </member>
        <member name="F:ThisAssembly.Git.CommitDate">
            <summary>
            => @"2024-10-25T18:15:09-05:00"
            </summary>
        </member>
        <member name="F:ThisAssembly.Git.Commits">
            <summary>
            => @"0"
            </summary>
        </member>
        <member name="F:ThisAssembly.Git.Tag">
            <summary>
            => @"0.35.1"
            </summary>
        </member>
        <member name="F:ThisAssembly.Git.BaseTag">
            <summary>
            => @"0.35.1"
            </summary>
        </member>
        <member name="F:ThisAssembly.Git.BaseVersion.Major">
            <summary>
            => @"0"
            </summary>
        </member>
        <member name="F:ThisAssembly.Git.BaseVersion.Minor">
            <summary>
            => @"35"
            </summary>
        </member>
        <member name="F:ThisAssembly.Git.BaseVersion.Patch">
            <summary>
            => @"1"
            </summary>
        </member>
        <member name="F:ThisAssembly.Git.SemVer.Major">
            <summary>
            => @"0"
            </summary>
        </member>
        <member name="F:ThisAssembly.Git.SemVer.Minor">
            <summary>
            => @"35"
            </summary>
        </member>
        <member name="F:ThisAssembly.Git.SemVer.Patch">
            <summary>
            => @"1"
            </summary>
        </member>
        <member name="F:ThisAssembly.Git.SemVer.Label">
            <summary>
            => @""
            </summary>
        </member>
        <member name="F:ThisAssembly.Git.SemVer.DashLabel">
            <summary>
            => @""
            </summary>
        </member>
        <member name="F:ThisAssembly.Git.SemVer.Source">
            <summary>
            => @"Tag"
            </summary>
        </member>
    </members>
</doc>
